"","mean","median","q1","q3","sd","cv"
"1",955051.788888889,893457,733113,1112295.75,315348.728542826,0.330190186764326
