"","mean","median","q1","q3","sd","cv"
"1",1063552.74074074,1029232,824991.5,1205042,309006.890487414,0.290542141118642
