"","mean","median","q1","q3","sd","cv"
"1",939729.377777778,900006,723108,1079593.5,301902.04351713,0.321264877587473
