"","mean","median","q1","q3","sd","cv"
"1",750246.237037037,713332,585362.5,853630.5,218673.602375308,0.291469109180634
