"","mean","median","q1","q3","sd","cv"
"1",1066678.8,1012348,836164.5,1204269.5,314083.834978407,0.294450245920709
